USE db_TI2;
GO;

INSERT INTO Nationality (IDNationality, Description) VALUES ('PT', 'Portugal');
INSERT INTO Nationality (IDNationality, Description) VALUES ('BR', 'Brazil');
INSERT INTO Nationality (IDNationality, Description) VALUES ('UK', 'United Kingdom');
INSERT INTO Nationality (IDNationality, Description) VALUES ('ES', 'Spain');
INSERT INTO Nationality (IDNationality, Description) VALUES ('FR', 'France');
INSERT INTO Nationality (IDNationality, Description) VALUES ('GE', 'GermaNy');
GO;

INSERT INTO Customer (IDCustomer, FullName, CC, CCDate, NIF, IDNationality, StressAddress, Zipcode, BirthDate, ContactNumber, Email) VALUES (1, 'Vicky Tudge', 581274249078, '2023-04-04 16:55:02', 722431191, 'UK', '74 Eagle Crest Pass', '7300-010', '1950-01-10 23:44:41', '5779284079', 'vtudge0@gmpg.org');
INSERT INTO Customer (IDCustomer, FullName, CC, CCDate, NIF, IDNationality, StressAddress, Zipcode, BirthDate, ContactNumber, Email) VALUES (2, 'Sharai Troppmann', 971602679055, '2023-07-29 09:03:26', 749119185, 'UK', '61547 Continental Circle', '6290-206', '1977-08-12 16:37:51', '3123675901', 'stroppmann1@yelp.com');
INSERT INTO Customer (IDCustomer, FullName, CC, CCDate, NIF, IDNationality, StressAddress, Zipcode, BirthDate, ContactNumber, Email) VALUES (3, 'Silvester Marle', 804230620906, '2023-04-26 23:30:48', 497577606, 'UK', '795 Rigney Alley', '9560-010', '1937-03-11 16:30:54', '6578557703', 'smarle2@freewebs.com');
INSERT INTO Customer (IDCustomer, FullName, CC, CCDate, NIF, IDNationality, StressAddress, Zipcode, BirthDate, ContactNumber, Email) VALUES (4, 'Karina Tellwright', 641470316512, '2023-04-10 08:26:08', 778509359, 'UK', '63820 Pleasure Court', '3780-054', '1952-12-30 17:49:48', '4165311942', 'ktellwright3@dropbox.com');
INSERT INTO Customer (IDCustomer, FullName, CC, CCDate, NIF, IDNationality, StressAddress, Zipcode, BirthDate, ContactNumber, Email) VALUES (5, 'Orv Sowten', 902753362102, '2023-11-22 06:46:06', 244890385, 'UK', '2514 Sheridan Circle', '7600-401', '1977-05-06 17:18:25', '2636769699', 'osowten4@cornell.edu');
INSERT INTO Customer (IDCustomer, FullName, CC, CCDate, NIF, IDNationality, StressAddress, Zipcode, BirthDate, ContactNumber, Email) VALUES (6, 'Caressa Arstingall', 756403362974, '2023-06-30 06:32:05', 757651045, 'UK', '1969 Claremont Alley', '4740-010', '1997-11-29 00:41:53', '1305999800', 'carstingall5@google.co.uk');
INSERT INTO Customer (IDCustomer, FullName, CC, CCDate, NIF, IDNationality, StressAddress, Zipcode, BirthDate, ContactNumber, Email) VALUES (7, 'Ada Girodier', 968848541048, '2023-12-05 12:31:43', 269354791, 'UK', '9912 Claremont Circle', '5300-235', '1979-07-04 11:44:52', '5954998804', 'agirodier6@webmd.com');
INSERT INTO Customer (IDCustomer, FullName, CC, CCDate, NIF, IDNationality, StressAddress, Zipcode, BirthDate, ContactNumber, Email) VALUES (8, 'Rochester Romer', 290065099893, '2023-10-28 20:13:53', 950363486, 'UK', '84 Clarendon Parkway', '6200-872', '1985-04-22 16:04:38', '9152598249', 'rromer7@symantec.com');
INSERT INTO Customer (IDCustomer, FullName, CC, CCDate, NIF, IDNationality, StressAddress, Zipcode, BirthDate, ContactNumber, Email) VALUES (9, 'VIDPurchasea Simmins', 474137244144, '2023-09-21 14:42:51', 707463410, 'UK', '2348 Fieldstone Hill', '3080-219', '1933-01-25 08:49:20', '4987766734', 'vsimmins8@deviantart.com');
INSERT INTO Customer (IDCustomer, FullName, CC, CCDate, NIF, IDNationality, StressAddress, Zipcode, BirthDate, ContactNumber, Email) VALUES (10, 'Tremaine O'' Loughran', 124386839771, '2023-10-03 19:51:34', 801579283, 'UK', '69 Meadow Vale Circle', '7160-294', '1927-10-31 19:01:38', '5628784530', 'to9@prlog.org');
INSERT INTO Customer (IDCustomer, FullName, CC, CCDate, NIF, IDNationality, StressAddress, Zipcode, BirthDate, ContactNumber, Email) VALUES (11, 'Derril Grellier', 759771887857, '2023-02-22 07:24:26', 328467045, 'UK', '17042 Lotheville Drive', '8500-301', '1974-04-22 05:59:22', '3717120476', 'dgrelliera@ft.com');
GO;

INSERT INTO ComponentCategory VALUES (1, 'RAM');
INSERT INTO ComponentCategory VALUES (2, 'CPU');
INSERT INTO ComponentCategory VALUES (3, 'GPU');
INSERT INTO ComponentCategory VALUES (4, 'Storage');
INSERT INTO ComponentCategory VALUES (5, 'Case');
INSERT INTO ComponentCategory VALUES (6, 'Motherboard');
GO;

INSERT INTO ComponentSubcategory VALUES (1, 1, 'DDR3');
INSERT INTO ComponentSubcategory VALUES (2, 1, 'DDR4');
INSERT INTO ComponentSubcategory VALUES (3, 1, 'DDR5');
INSERT INTO ComponentSubcategory VALUES (4, 2, 'Intel');
INSERT INTO ComponentSubcategory VALUES (5, 2, 'AMD');
INSERT INTO ComponentSubcategory VALUES (6, 3, 'Nvidia');
INSERT INTO ComponentSubcategory VALUES (7, 3, 'AMD');
INSERT INTO ComponentSubcategory VALUES (8, 4, 'HDD');
INSERT INTO ComponentSubcategory VALUES (9, 4, 'SSD');
INSERT INTO ComponentSubcategory VALUES (10, 5, 'Full');
INSERT INTO ComponentSubcategory VALUES (11, 5, 'Mid');
INSERT INTO ComponentSubcategory VALUES (12, 5, 'Mini');
INSERT INTO ComponentSubcategory VALUES (13, 6, 'ATX');
INSERT INTO ComponentSubcategory VALUES (14, 6, 'MicroATX');
INSERT INTO ComponentSubcategory VALUES (15, 6, 'MiniATX');
GO;

INSERT INTO Component VALUES (1, 1, '4GB DDR3 RAM');
INSERT INTO Component VALUES (2, 2, '8GB DDR4 RAM');
INSERT INTO Component VALUES (3, 3, '16GB DDR5 RAM');
INSERT INTO Component VALUES (4, 4, 'Intel Core i3-9100');
INSERT INTO Component VALUES (5, 5, 'AMD Ryzen 5 5600X');
INSERT INTO Component VALUES (6, 6, 'Nvidia GeForce RTX 2060');
INSERT INTO Component VALUES (7, 6, 'Nvidia GeForce RTX 3070');
INSERT INTO Component VALUES (8, 7, 'AMD Radeon RX 5700 XT');
INSERT INTO Component VALUES (9, 7, 'AMD Radeon RX 570');
INSERT INTO Component VALUES (10, 8, '1TB HDD');
INSERT INTO Component VALUES (11, 9, '500GB SSD');
INSERT INTO Component VALUES (12, 10, 'Full Tower Case');
INSERT INTO Component VALUES (13, 11, 'Mid Tower Case');
INSERT INTO Component VALUES (14, 12, 'Mini Tower Case');
INSERT INTO Component VALUES (15, 13, 'ATX Motherboard');
INSERT INTO Component VALUES (16, 14, 'MicroATX Motherboard');
INSERT INTO Component VALUES (17, 15, 'MiniATX Motherboard');
GO;

INSERT INTO Purchase (IDPurchase, IDCustomer, PurchaseDate) VALUES (1, 6, '2010-05-19 02:29:18');
INSERT INTO Purchase (IDPurchase, IDCustomer, PurchaseDate) VALUES (2, 11, '2005-07-07 05:09:21');
INSERT INTO Purchase (IDPurchase, IDCustomer, PurchaseDate) VALUES (3, 9, '2019-07-18 04:25:15');
INSERT INTO Purchase (IDPurchase, IDCustomer, PurchaseDate) VALUES (4, 10, '2013-06-09 20:48:51');
INSERT INTO Purchase (IDPurchase, IDCustomer, PurchaseDate) VALUES (5, 1, '2008-09-07 18:20:54');
INSERT INTO Purchase (IDPurchase, IDCustomer, PurchaseDate) VALUES (6, 5, '2014-08-03 06:16:08');
INSERT INTO Purchase (IDPurchase, IDCustomer, PurchaseDate) VALUES (7, 1, '2013-11-15 21:50:00');
INSERT INTO Purchase (IDPurchase, IDCustomer, PurchaseDate) VALUES (8, 8, '2019-05-12 02:34:10');
INSERT INTO Purchase (IDPurchase, IDCustomer, PurchaseDate) VALUES (9, 5, '2015-06-17 23:47:18');
INSERT INTO Purchase (IDPurchase, IDCustomer, PurchaseDate) VALUES (10, 3, '2014-01-05 22:01:38');
INSERT INTO Purchase (IDPurchase, IDCustomer, PurchaseDate) VALUES (11, 6, '2020-02-20 23:26:46');
INSERT INTO Purchase (IDPurchase, IDCustomer, PurchaseDate) VALUES (12, 5, '2012-03-05 04:35:47');
INSERT INTO Purchase (IDPurchase, IDCustomer, PurchaseDate) VALUES (13, 2, '2013-06-11 05:09:30');
INSERT INTO Purchase (IDPurchase, IDCustomer, PurchaseDate) VALUES (14, 7, '2005-11-03 11:09:28');
INSERT INTO Purchase (IDPurchase, IDCustomer, PurchaseDate) VALUES (15, 3, '2008-07-10 00:23:31');
INSERT INTO Purchase (IDPurchase, IDCustomer, PurchaseDate) VALUES (16, 4, '2022-11-15 21:38:40');
INSERT INTO Purchase (IDPurchase, IDCustomer, PurchaseDate) VALUES (17, 2, '2015-06-19 01:33:03');
INSERT INTO Purchase (IDPurchase, IDCustomer, PurchaseDate) VALUES (18, 7, '2022-04-07 08:26:09');
INSERT INTO Purchase (IDPurchase, IDCustomer, PurchaseDate) VALUES (19, 9, '2013-07-26 19:59:59');
INSERT INTO Purchase (IDPurchase, IDCustomer, PurchaseDate) VALUES (20, 11, '2016-05-28 15:39:23');
INSERT INTO Purchase (IDPurchase, IDCustomer, PurchaseDate) VALUES (21, 2, '2017-02-28 14:35:31');
INSERT INTO Purchase (IDPurchase, IDCustomer, PurchaseDate) VALUES (22, 8, '2007-10-07 02:43:45');
INSERT INTO Purchase (IDPurchase, IDCustomer, PurchaseDate) VALUES (23, 6, '2022-07-17 16:12:56');
INSERT INTO Purchase (IDPurchase, IDCustomer, PurchaseDate) VALUES (24, 3, '2004-04-30 23:31:12');
INSERT INTO Purchase (IDPurchase, IDCustomer, PurchaseDate) VALUES (25, 10, '2021-01-30 19:54:18');
INSERT INTO Purchase (IDPurchase, IDCustomer, PurchaseDate) VALUES (26, 3, '2016-06-04 11:30:02');
INSERT INTO Purchase (IDPurchase, IDCustomer, PurchaseDate) VALUES (27, 5, '2004-09-24 02:03:03');
INSERT INTO Purchase (IDPurchase, IDCustomer, PurchaseDate) VALUES (28, 4, '2005-07-14 04:08:37');
INSERT INTO Purchase (IDPurchase, IDCustomer, PurchaseDate) VALUES (29, 8, '2013-09-26 02:58:03');
INSERT INTO Purchase (IDPurchase, IDCustomer, PurchaseDate) VALUES (30, 10, '2021-04-14 20:56:02');
INSERT INTO Purchase (IDPurchase, IDCustomer, PurchaseDate) VALUES (31, 7, '2009-12-28 08:58:47');
INSERT INTO Purchase (IDPurchase, IDCustomer, PurchaseDate) VALUES (32, 10, '2013-06-05 16:58:16');
INSERT INTO Purchase (IDPurchase, IDCustomer, PurchaseDate) VALUES (33, 2, '2011-11-18 07:06:24');
INSERT INTO Purchase (IDPurchase, IDCustomer, PurchaseDate) VALUES (34, 4, '2018-03-30 22:22:25');
INSERT INTO Purchase (IDPurchase, IDCustomer, PurchaseDate) VALUES (35, 9, '2017-07-23 13:59:21');
INSERT INTO Purchase (IDPurchase, IDCustomer, PurchaseDate) VALUES (36, 8, '2009-01-06 22:27:40');
INSERT INTO Purchase (IDPurchase, IDCustomer, PurchaseDate) VALUES (37, 2, '2009-01-11 14:20:50');
INSERT INTO Purchase (IDPurchase, IDCustomer, PurchaseDate) VALUES (38, 5, '2007-08-20 07:36:18');
INSERT INTO Purchase (IDPurchase, IDCustomer, PurchaseDate) VALUES (39, 5, '2017-12-13 06:47:42');
INSERT INTO Purchase (IDPurchase, IDCustomer, PurchaseDate) VALUES (40, 6, '2017-08-22 15:36:19');
INSERT INTO Purchase (IDPurchase, IDCustomer, PurchaseDate) VALUES (41, 7, '2014-07-09 21:57:07');
INSERT INTO Purchase (IDPurchase, IDCustomer, PurchaseDate) VALUES (42, 4, '2017-11-08 08:29:59');
INSERT INTO Purchase (IDPurchase, IDCustomer, PurchaseDate) VALUES (43, 10, '2018-10-19 13:16:11');
INSERT INTO Purchase (IDPurchase, IDCustomer, PurchaseDate) VALUES (44, 3, '2010-11-30 13:09:37');
INSERT INTO Purchase (IDPurchase, IDCustomer, PurchaseDate) VALUES (45, 3, '2022-03-10 03:31:28');
INSERT INTO Purchase (IDPurchase, IDCustomer, PurchaseDate) VALUES (46, 7, '2020-10-06 22:19:24');
INSERT INTO Purchase (IDPurchase, IDCustomer, PurchaseDate) VALUES (47, 9, '2006-11-20 03:09:53');
INSERT INTO Purchase (IDPurchase, IDCustomer, PurchaseDate) VALUES (48, 10, '2019-08-01 02:15:02');
INSERT INTO Purchase (IDPurchase, IDCustomer, PurchaseDate) VALUES (49, 10, '2008-10-21 21:27:00');
INSERT INTO Purchase (IDPurchase, IDCustomer, PurchaseDate) VALUES (50, 1, '2019-06-13 05:55:05');
INSERT INTO Purchase (IDPurchase, IDCustomer, PurchaseDate) VALUES (51, 10, '2013-11-10 00:02:29');
INSERT INTO Purchase (IDPurchase, IDCustomer, PurchaseDate) VALUES (52, 5, '2007-12-13 02:20:06');
INSERT INTO Purchase (IDPurchase, IDCustomer, PurchaseDate) VALUES (53, 5, '2019-09-21 22:50:48');
INSERT INTO Purchase (IDPurchase, IDCustomer, PurchaseDate) VALUES (54, 10, '2009-08-28 20:47:01');
GO;

INSERT INTO PurchaseComponent (IDPurchase, IDComponent, Quantity) VALUES (34, 8, 2);
INSERT INTO PurchaseComponent (IDPurchase, IDComponent, Quantity) VALUES (18, 11, 4);
INSERT INTO PurchaseComponent (IDPurchase, IDComponent, Quantity) VALUES (14, 16, 6);
INSERT INTO PurchaseComponent (IDPurchase, IDComponent, Quantity) VALUES (50, 11, 6);
INSERT INTO PurchaseComponent (IDPurchase, IDComponent, Quantity) VALUES (41, 13, 2);
INSERT INTO PurchaseComponent (IDPurchase, IDComponent, Quantity) VALUES (49, 1, 6);
INSERT INTO PurchaseComponent (IDPurchase, IDComponent, Quantity) VALUES (46, 8, 4);
INSERT INTO PurchaseComponent (IDPurchase, IDComponent, Quantity) VALUES (16, 16, 4);
INSERT INTO PurchaseComponent (IDPurchase, IDComponent, Quantity) VALUES (18, 15, 3);
INSERT INTO PurchaseComponent (IDPurchase, IDComponent, Quantity) VALUES (18, 13, 6);
INSERT INTO PurchaseComponent (IDPurchase, IDComponent, Quantity) VALUES (43, 1, 2);
INSERT INTO PurchaseComponent (IDPurchase, IDComponent, Quantity) VALUES (11, 7, 3);
INSERT INTO PurchaseComponent (IDPurchase, IDComponent, Quantity) VALUES (30, 3, 5);
INSERT INTO PurchaseComponent (IDPurchase, IDComponent, Quantity) VALUES (1, 17, 6);
INSERT INTO PurchaseComponent (IDPurchase, IDComponent, Quantity) VALUES (9, 6, 5);
INSERT INTO PurchaseComponent (IDPurchase, IDComponent, Quantity) VALUES (41, 17, 2);
INSERT INTO PurchaseComponent (IDPurchase, IDComponent, Quantity) VALUES (53, 4, 5);
INSERT INTO PurchaseComponent (IDPurchase, IDComponent, Quantity) VALUES (13, 14, 6);
INSERT INTO PurchaseComponent (IDPurchase, IDComponent, Quantity) VALUES (46, 5, 6);
INSERT INTO PurchaseComponent (IDPurchase, IDComponent, Quantity) VALUES (49, 5, 1);
INSERT INTO PurchaseComponent (IDPurchase, IDComponent, Quantity) VALUES (48, 10, 5);
INSERT INTO PurchaseComponent (IDPurchase, IDComponent, Quantity) VALUES (8, 5, 1);
INSERT INTO PurchaseComponent (IDPurchase, IDComponent, Quantity) VALUES (29, 12, 4);
INSERT INTO PurchaseComponent (IDPurchase, IDComponent, Quantity) VALUES (54, 7, 5);
INSERT INTO PurchaseComponent (IDPurchase, IDComponent, Quantity) VALUES (10, 8, 5);
INSERT INTO PurchaseComponent (IDPurchase, IDComponent, Quantity) VALUES (31, 9, 6);
INSERT INTO PurchaseComponent (IDPurchase, IDComponent, Quantity) VALUES (31, 17, 4);
INSERT INTO PurchaseComponent (IDPurchase, IDComponent, Quantity) VALUES (54, 1, 5);
INSERT INTO PurchaseComponent (IDPurchase, IDComponent, Quantity) VALUES (40, 13, 3);
INSERT INTO PurchaseComponent (IDPurchase, IDComponent, Quantity) VALUES (10, 14, 5);
INSERT INTO PurchaseComponent (IDPurchase, IDComponent, Quantity) VALUES (41, 1, 1);
INSERT INTO PurchaseComponent (IDPurchase, IDComponent, Quantity) VALUES (19, 8, 5);
INSERT INTO PurchaseComponent (IDPurchase, IDComponent, Quantity) VALUES (42, 15, 2);
INSERT INTO PurchaseComponent (IDPurchase, IDComponent, Quantity) VALUES (50, 1, 6);
INSERT INTO PurchaseComponent (IDPurchase, IDComponent, Quantity) VALUES (27, 7, 3);
INSERT INTO PurchaseComponent (IDPurchase, IDComponent, Quantity) VALUES (24, 4, 5);
INSERT INTO PurchaseComponent (IDPurchase, IDComponent, Quantity) VALUES (27, 11, 1);
INSERT INTO PurchaseComponent (IDPurchase, IDComponent, Quantity) VALUES (53, 10, 2);
INSERT INTO PurchaseComponent (IDPurchase, IDComponent, Quantity) VALUES (10, 10, 4);
INSERT INTO PurchaseComponent (IDPurchase, IDComponent, Quantity) VALUES (20, 1, 5);
INSERT INTO PurchaseComponent (IDPurchase, IDComponent, Quantity) VALUES (41, 11, 6);
INSERT INTO PurchaseComponent (IDPurchase, IDComponent, Quantity) VALUES (48, 7, 3);
INSERT INTO PurchaseComponent (IDPurchase, IDComponent, Quantity) VALUES (45, 3, 2);
INSERT INTO PurchaseComponent (IDPurchase, IDComponent, Quantity) VALUES (38, 16, 2);
INSERT INTO PurchaseComponent (IDPurchase, IDComponent, Quantity) VALUES (36, 2, 6);
INSERT INTO PurchaseComponent (IDPurchase, IDComponent, Quantity) VALUES (40, 3, 6);
INSERT INTO PurchaseComponent (IDPurchase, IDComponent, Quantity) VALUES (53, 14, 5);
INSERT INTO PurchaseComponent (IDPurchase, IDComponent, Quantity) VALUES (29, 5, 2);
INSERT INTO PurchaseComponent (IDPurchase, IDComponent, Quantity) VALUES (38, 7, 4);
INSERT INTO PurchaseComponent (IDPurchase, IDComponent, Quantity) VALUES (54, 12, 2);
INSERT INTO PurchaseComponent (IDPurchase, IDComponent, Quantity) VALUES (4, 17, 5);
INSERT INTO PurchaseComponent (IDPurchase, IDComponent, Quantity) VALUES (20, 2, 5);
INSERT INTO PurchaseComponent (IDPurchase, IDComponent, Quantity) VALUES (28, 14, 1);
GO;

INSERT INTO Compatibility VALUES (11, 16);
INSERT INTO Compatibility VALUES (4, 17);
INSERT INTO Compatibility VALUES (11, 17);
INSERT INTO Compatibility VALUES (5, 16);
INSERT INTO Compatibility VALUES (4, 16);
INSERT INTO Compatibility VALUES (5, 17);
INSERT INTO Compatibility VALUES (10, 15);
INSERT INTO Compatibility VALUES (15, 12);
INSERT INTO Compatibility VALUES (4, 15);
INSERT INTO Compatibility VALUES (16, 13);
INSERT INTO Compatibility VALUES (17, 14);
INSERT INTO Compatibility VALUES (11, 15);
INSERT INTO Compatibility VALUES (5, 15);
GO;